{
	"info": {
		"_postman_id": "09514137-3e30-4c9a-afde-bee53c9c3f31",
		"name": "Tron",
		"schema": "https://schema.getpostman.com/json/collection/v2.1.0/collection.json"
	},
	"item": [
		{
			"name": "health",
			"request": {
				"method": "GET",
				"header": [],
				"body": {
					"mode": "raw",
					"raw": ""
				},
				"url": {
					"raw": "http://127.0.0.1:5050/Tron/health",
					"protocol": "http",
					"host": [
						"127",
						"0",
						"0",
						"1"
					],
					"port": "5050",
					"path": [
						"Tron",
						"health"
					]
				}
			},
			"response": []
		},
		{
			"name": "generate_eda",
			"request": {
				"method": "POST",
				"header": [],
				"body": {
					"mode": "raw",
					"raw": ""
				},
				"url": {
					"raw": "http://127.0.0.1:5050/Tron/v1/generate_eda?uuid=456-qwe-abc-123",
					"protocol": "http",
					"host": [
						"127",
						"0",
						"0",
						"1"
					],
					"port": "5050",
					"path": [
						"Tron",
						"v1",
						"generate_eda"
					],
					"query": [
						{
							"key": "uuid",
							"value": "456-qwe-abc-123"
						}
					]
				}
			},
			"response": []
		},
		{
			"name": "generate_eda_async",
			"request": {
				"method": "POST",
				"header": [],
				"body": {
					"mode": "raw",
					"raw": ""
				},
				"url": {
					"raw": "http://127.0.0.1:5050/Tron/v1/generate_eda_async?uuid=iris-data-async",
					"protocol": "http",
					"host": [
						"127",
						"0",
						"0",
						"1"
					],
					"port": "5050",
					"path": [
						"Tron",
						"v1",
						"generate_eda_async"
					],
					"query": [
						{
							"key": "uuid",
							"value": "iris-data-async"
						}
					]
				}
			},
			"response": []
		},
		{
			"name": "train_model_async",
			"request": {
				"method": "POST",
				"header": [
					{
						"key": "Content-Type",
						"value": "application/json",
						"type": "text"
					}
				],
				"body": {
					"mode": "raw",
					"raw": "{\n  \"features\": \"All\"\n}"
				},
				"url": {
					"raw": "http://127.0.0.1:5050/Tron/v1/train_model_async?uuid=iris-data-async",
					"protocol": "http",
					"host": [
						"127",
						"0",
						"0",
						"1"
					],
					"port": "5050",
					"path": [
						"Tron",
						"v1",
						"train_model_async"
					],
					"query": [
						{
							"key": "uuid",
							"value": "iris-data-async"
						}
					]
				}
			},
			"response": []
		},
		{
			"name": "train_model_async_3_features",
			"request": {
				"method": "POST",
				"header": [
					{
						"key": "Content-Type",
						"value": "application/json",
						"type": "text"
					}
				],
				"body": {
					"mode": "raw",
					"raw": "{\n  \"features\": [\"sepal length (cm)\", \"sepal width (cm)\", \"petal width (cm)\", \"target\"]\n}"
				},
				"url": {
					"raw": "http://127.0.0.1:5050/Tron/v1/train_model_async?uuid=iris-data-async",
					"protocol": "http",
					"host": [
						"127",
						"0",
						"0",
						"1"
					],
					"port": "5050",
					"path": [
						"Tron",
						"v1",
						"train_model_async"
					],
					"query": [
						{
							"key": "uuid",
							"value": "iris-data-async"
						}
					]
				}
			},
			"response": []
		}
	]
}